question,answer
"My WiFi is not working. What should I do?","Restart your router and check cable connections. If the issue continues, restart your device. Need help checking network settings?"
"Why is my internet connection slow?","Restart your router and disconnect unused devices to improve internet speed. Would you like tips to boost WiFi performance?"
"WiFi network is not showing up. What should I do?","Make sure WiFi is enabled on your device and restart the router. Need help reconnecting to the network?"
"My internet disconnects frequently. How can I fix it?","Restart your modem and update network drivers. Frequent disconnections may also be caused by weak signal strength."
"How do I reconnect to WiFi?","Open network settings, select your WiFi network, and enter the correct password."
"Why does my WiFi say connected but no internet?","Restart your router and check whether your internet service is active. Need help troubleshooting the connection?"
"My hotspot is not working. What should I do?","Turn hotspot off and on again and ensure mobile data is enabled."
"How can I improve WiFi signal strength?","Move closer to the router and avoid physical obstructions like walls or furniture."
"Why is my router blinking red?","A blinking red light usually indicates an internet service issue from the provider."
"Ethernet connection is not working. How can I fix it?","Check whether the Ethernet cable is connected properly and restart your device."
"How do I reset my router?","Press and hold the reset button on the router for about 10 seconds."
"Why is only one device unable to connect to WiFi?","Forget the network and reconnect using the correct password."
"How can I check my internet speed?","Use an online speed test website to measure your internet performance."
"WiFi password is not working. What should I do?","Make sure the password is entered correctly and check for capital letters."
"Why is my video call lagging?","Close background applications and ensure a stable internet connection."
"How can I reset my password?","Click on Forgot Password on the login page and follow the instructions sent to your email."
"I forgot my account password. What should I do?","Use the password recovery option and verify your email or phone number."
"Why am I unable to log into my account?","Check whether your username and password are correct and ensure Caps Lock is off."
"My account is locked. How can I unlock it?","Wait a few minutes and try again or use the account recovery option."
"How do I create a strong password?","Use a combination of uppercase letters, numbers, and special characters."
"Why am I not receiving the password reset email?","Check your spam folder and ensure the registered email address is correct."
"How do I change my current password?","Go to account settings and select the password change option."
"What should I do if my login session expires frequently?","Clear browser cache and make sure cookies are enabled."
"How do I enable two-factor authentication?","Open security settings and enable two-factor authentication for extra protection."
"My account says invalid credentials. What does it mean?","It means the username or password entered is incorrect."
"My laptop is running slow. How can I fix it?","Close unused applications, clear temporary files, and restart your laptop."
"Why does my computer take so long to start?","Too many startup applications may slow down boot time. Disable unnecessary startup apps."
"How do I speed up my laptop?","Delete unwanted files and keep your operating system updated."
"Why is my laptop overheating?","Clean the air vents and avoid using the laptop on soft surfaces."
"Why does my laptop fan make loud noise?","Heavy background applications may increase fan speed and cause noise."
"My battery drains quickly. What should I do?","Reduce screen brightness and close unused applications."
"How do I free up storage space?","Delete unnecessary files and uninstall unused software."
"Why is my laptop freezing frequently?","Low memory or outdated drivers may cause system freezing."
"My keyboard is not typing properly. What should I do?","Reconnect the keyboard and check for stuck keys."
"Why is my mouse not working?","Reconnect the mouse or replace the batteries if it is wireless."
"Software is not installing on my computer. What should I do?","Check storage space and run the installer as administrator."
"Why does the installation keep failing?","Ensure the software is compatible with your operating system."
"How do I uninstall a program?","Open Control Panel and select Uninstall a Program."
"Why is the application crashing repeatedly?","Update the application and restart your computer."
"How do I update installed software?","Open the application settings and check for updates."
"Why am I getting compatibility errors during installation?","The software may not support your current operating system version."
"How do I run a program as administrator?","Right-click the application and select Run as Administrator."
"Why is antivirus blocking software installation?","Your antivirus may detect the file as suspicious. Verify the source before allowing it."
"How do I reinstall software?","Uninstall the software completely and install the latest version again."
"Why does the app show missing DLL errors?","Reinstalling the application usually fixes missing DLL files."
"My Bluetooth device is not connecting. How can I solve this?","Turn Bluetooth off and on again and reconnect the device."
"Why is Bluetooth not detecting nearby devices?","Make sure the device is discoverable and within range."
"How do I pair Bluetooth headphones?","Enable pairing mode on the headphones and connect through Bluetooth settings."
"Bluetooth audio keeps disconnecting. What should I do?","Keep the device close and remove interference from other wireless devices."
"Why is my Bluetooth speaker not producing sound?","Check the volume level and ensure it is selected as the audio output device."
"How do I remove a paired Bluetooth device?","Open Bluetooth settings and select Forget Device."
"Why is file sharing through Bluetooth failing?","Ensure Bluetooth permissions are enabled on both devices."
"My wireless keyboard is lagging. What should I do?","Replace the batteries and reconnect the keyboard."
"Why is my USB device not detected?","Reconnect the USB device or try another USB port."
"How do I safely remove a USB device?","Use the Safely Remove Hardware option before unplugging."
"How do I update Windows on my laptop?","Go to Settings and open Windows Update to install updates."
"Why is Windows update stuck?","Restart your computer and try running the update again."
"How do I pause Windows updates?","Open Windows Update settings and select Pause Updates."
"Why does my computer restart during updates?","Some updates require a restart to complete installation."
"How do I check for pending updates?","Open Windows Update settings and click Check for Updates."
"Why is the update taking too long?","Large updates may take time depending on internet speed and system performance."
"Can I use my laptop during updates?","It is better to wait until updates finish installing completely."
"How do I update drivers on my computer?","Open Device Manager and update drivers from there."
"Why is my system slower after an update?","Background update optimization may temporarily reduce performance."
"How do I stop automatic updates?","Disable automatic updates from Windows Update settings if needed."
"My printer is not printing. What should I do?","Check printer connections and ensure paper is loaded properly."
"Why is the printer showing offline?","Reconnect the printer and restart both the printer and computer."
"How do I connect my printer to WiFi?","Open printer settings and connect it to your wireless network."
"Why is my printer printing blank pages?","Check ink levels and clean the print head."
"How do I cancel a print job?","Open the print queue and cancel the pending document."
"Why is the printer paper jammed?","Remove stuck paper carefully and restart the printer."
"How do I set a printer as default?","Open printer settings and select Set as Default Printer."
"Why is the printer printing slowly?","High print quality settings may reduce printing speed."
"How do I scan documents using a printer?","Use the printer software or scan option on the printer."
"Why is my printer not detected by the computer?","Reconnect the USB cable or reinstall printer drivers."
"Audio is not working on my computer. How can I fix it?","Check volume settings and update audio drivers."
"Why is there no sound from speakers?","Ensure speakers are connected properly and not muted."
"My microphone is not working. How can I fix it?","Check microphone permissions and ensure the correct input device is selected."
"Why is the sound distorted during calls?","Poor internet connection or outdated drivers may cause distortion."
"How do I increase microphone volume?","Open sound settings and adjust microphone levels."
"Why are my headphones not detected?","Reconnect the headphones and check audio output settings."
"How do I test my microphone?","Use sound settings or a voice recording app to test microphone input."
"Why is my audio lagging while gaming?","Close background applications and update audio drivers."
"How do I switch audio output devices?","Open sound settings and choose the preferred output device."
"Why does my microphone pick up background noise?","Use noise suppression settings or move to a quieter environment."
"My browser is running slow. What should I do?","Clear browser cache and close unnecessary tabs."
"Why are websites not loading properly?","Check your internet connection and refresh the page."
"How do I clear browser cache?","Open browser settings and clear browsing data."
"Why am I getting too many pop-up ads?","Install an ad blocker and avoid suspicious websites."
"How do I update my browser?","Open browser settings and check for updates."
"Why is my browser crashing frequently?","Disable unnecessary extensions and restart the browser."
"How do I enable cookies in my browser?","Open browser privacy settings and allow cookies."
"Why is video buffering continuously?","Slow internet speed may cause constant buffering."
"How do I save passwords in my browser?","Enable password saving from browser settings."
"Why is my browser showing security warnings?","The website may not have a secure SSL certificate."
"My phone is overheating. What should I do?","Close unused apps and avoid using the phone while charging."
"Why is my mobile battery draining fast?","Reduce brightness and disable unused background apps."
"How do I restart my smartphone?","Press and hold the power button and select Restart."
"Why is my phone storage full?","Delete unnecessary files and uninstall unused apps."
"How do I update apps on my phone?","Open the app store and install available updates."
"Why is my phone lagging?","Low storage space and too many background apps can slow down performance."
"How do I enable dark mode on my phone?","Open display settings and enable dark mode."
"Why is my charger not working?","Check the charging cable and power adapter for damage."
"How do I transfer files from phone to computer?","Use a USB cable or wireless file sharing method."
"Why is my phone not connecting to WiFi?","Restart your phone and reconnect to the network."
"My email is not syncing. What should I do?","Check your internet connection and refresh the email app."
"Why am I not receiving emails?","Check spam folders and verify your email settings."
"How do I send large files through email?","Use cloud storage links or compressed ZIP files."
"Why does my email say mailbox full?","Delete old emails and empty the trash folder."
"How do I create a professional email signature?","Open email settings and add your signature under signature options."
"Why are my sent emails going to spam?","Avoid spam-like content and verify your email account."
"How do I recover deleted emails?","Check the trash or deleted folder to restore emails."
"Why is email attachment upload failing?","Large file sizes or weak internet may interrupt uploads."
"How do I add another email account?","Open account settings and select Add Account."
"Why am I getting suspicious emails?","Do not open unknown links or attachments from suspicious senders."